Accession	Species	Number_of_ICS	Number_of_ICS_BGCs
GCA_000001985.1	Talaromyces_marneffei	4	4
GCA_000002855.2	Aspergillus_niger	1	1
GCA_000002945.2	Schizosaccharomyces_pombe	0	0
GCA_000003525.2	Blastomyces_dermatitidis	1	1
GCA_000003855.2	Blastomyces_gilchristii	1	1
GCA_000004155.2	Schizosaccharomyces_cryophilus	0	0
GCA_000006335.3	Candida_tropicalis	1	1
GCA_000006445.2	Debaryomyces_hansenii	0	0
GCA_000011425.1	Aspergillus_nidulans	2	2
GCA_000026945.1	Candida_dubliniensis	0	0
GCA_000091045.1	Cryptococcus_neoformans	0	0
GCA_000091225.2	Encephalitozoon_cuniculi	0	0
GCA_000143105.2	Grosmannia_clavigera	1	0
GCA_000143185.1	Schizophyllum_commune	0	0
GCA_000143365.1	Chaetomium_globosum	1	1
GCA_000143535.4	Botrytis_cinerea	1	1
GCA_000143565.1	Laccaria_bicolor	0	0
GCA_000145635.1	Gaeumannomyces_tritici	0	0
GCA_000146465.1	Encephalitozoon_intestinalis	0	0
GCA_000149035.1	Colletotrichum_graminicola	0	0
GCA_000149305.1	Rhizopus_delemar	0	0
GCA_000149335.2	Coccidioides_immitis	3	2
GCA_000149645.3	Aspergillus_fischeri	4	4
GCA_000149985.1	Pyrenophora_tritici-repentis	1	1
GCA_000151125.2	Trichophyton_benhamiae	1	0
GCA_000151145.1	Microsporum_canis	1	0
GCA_000151175.1	Trichophyton_equinum	1	1
GCA_000151295.1	Allomyces_macrogynus	0	0
GCA_000151455.1	Trichophyton_tonsurans	0	0
GCA_000151505.1	Trichophyton_verrucosum	1	0
GCA_000151525.2	Puccinia_triticina	0	0
GCA_000151645.1	Tuber_melanosporum	0	0
GCA_000166175.1	Microbotryum_lychnidis-dioicae	0	0
GCA_000167075.2	Saccharomyces_kudriavzevii	0	0
GCA_000167675.2	Trichoderma_reesei	1	0
GCA_000170175.2	Coccidioides_posadasii	3	3
GCA_000171015.2	Trichoderma_atroviride	6	4
GCA_000181695.1	Malassezia_globosa	0	0
GCA_000182805.2	Sordaria_macrospora	0	0
GCA_000182895.1	Coprinopsis_cinerea	0	0
GCA_000182925.2	Neurospora_crassa	0	0
GCA_000182985.1	Nosema_ceranae	0	0
GCA_000183025.1	Moniliophthora_perniciosa	0	0
GCA_000184105.1	Pseudogymnoascus_destructans	0	0
GCA_000185945.1	Cryptococcus_gattii_VGI	0	0
GCA_000187245.3	Ogataea_parapolymorpha	0	0
GCA_000187425.2	Metarhizium_robertsii	4	4
GCA_000192795.1	Vavraia_culicis	0	0
GCA_000193285.1	Magnaporthiopsis_poae	0	0
GCA_000203795.1	Batrachochytrium_dendrobatidis	0	0
GCA_000204055.1	Melampsora_larici-populina	0	0
GCA_000209485.1	Enterocytozoon_bieneusi	0	0
GCA_000213175.1	Neurospora_tetrasperma	0	0
GCA_000218725.1	Serpula_lacrymans	0	0
GCA_000221225.1	Chaetomium_thermophilum	0	0
GCA_000222205.2	Rhodotorula_toruloides	0	0
GCA_000223565.1	Komagataella_phaffii	0	0
GCA_000225545.1	Orbilia_oligospora	0	0
GCA_000225605.1	Cordyceps_militaris	2	1
GCA_000226115.1	Thermothielavioides_terrestris	0	0
GCA_000227095.3	Saitoella_complicata	0	0
GCA_000230245.1	Sporisorium_reilianum	0	0
GCA_000230375.1	Leptosphaeria_maculans	0	0
GCA_000230595.3	Edhazardia_aedis	0	0
GCA_000230625.1	Exophiala_dermatitidis	0	0
GCA_000231115.1	Vittaforma_corneae	0	0
GCA_000237345.1	Naumovozyma_castellii	0	0
GCA_000241205.2	Mixia_osmundae	0	0
GCA_000250695.1	Nematocida_sp._1	0	0
GCA_000250985.1	Nematocida_parisii	0	0
GCA_000259595.1	Brettanomyces_bruxellensis	0	0
GCA_000263375.1	Wallemia_mellicola	0	0
GCA_000264905.1	Stereum_hirsutum	0	0
GCA_000264995.1	Punctularia_strigosozonata	0	0
GCA_000269785.2	Aspergillus_oryzae	3	3
GCA_000271585.1	Trametes_versicolor	0	0
GCA_000271605.1	Fomitiporia_mediterranea	0	0
GCA_000271625.1	Coniophora_puteana	0	0
GCA_000271645.1	Tremella_mesenterica	0	0
GCA_000277815.3	Encephalitozoon_hellem	0	0
GCA_000280035.2	Encephalitozoon_romaleae	0	0
GCA_000292625.1	Dacryopinax_primogenitus	0	0
GCA_000292725.1	Saccharomyces_arboricola	1	1
GCA_000299215.2	Trichosporon_asahii	0	0
GCA_000300555.1	Agaricus_bisporus	0	0
GCA_000300595.1	Phanerochaete_carnosa	0	0
GCA_000312925.2	Taphrina_deformans	0	0
GCA_000313525.1	Fibroporia_radiculosa	0	0
GCA_000313545.1	Serendipita_indica	0	0
GCA_000316135.1	Trachipleistophora_hominis	0	0
GCA_000320585.2	Heterobasidion_irregulare	0	0
GCA_000320605.2	Gelatoporia_subvermispora	0	0
GCA_000326105.1	Saccharomyces_cerevisiae_x_Saccharomyces_kudriavzevii	2	2
GCA_000328475.2	Ustilago_maydis	0	0
GCA_000333975.2	Pneumocystis_jirovecii	0	0
GCA_000340195.1	Dothistroma_septosporum	1	1
GCA_000344635.1	Wolfiporia_cocos	0	0
GCA_000344655.2	Fomitopsis_pinicola	0	0
GCA_000344685.1	Gloeophyllum_trabeum	0	0
GCA_000344705.1	Candida_maltosa	1	0
GCA_000346795.1	Penicillium_oxalicum	4	3
GCA_000349005.2	Pneumocystis_murina	0	0
GCA_000350065.2	Colletotrichum_orbiculare	6	5
GCA_000383075.1	Nosema_bombycis	0	0
GCA_000385855.2	Anncaliia_algerae	0	0
GCA_000389695.3	Ceratocystis_fimbriata	0	0
GCA_000392275.1	Phaeoacremonium_minimum	0	0
GCA_000400465.1	Wallemia_ichthyophaga	0	0
GCA_000401635.1	Mucor_circinelloides	0	0
GCA_000403515.1	Pseudozyma_hubeiensis	0	0
GCA_000410735.1	Ophiostoma_piceae	0	0
GCA_000412225.2	Ashbya_aceris	1	1
GCA_000418435.1	Blumeria_graminis	0	0
GCA_000426965.1	Metarhizium_anisopliae	4	4
GCA_000430065.1	Spraguea_lophii	0	0
GCA_000441935.1	Dactylellina_haptotyla	0	0
GCA_000442015.1	Rozella_allomycis	0	0
GCA_000446055.1	Colletotrichum_gloeosporioides	6	6
GCA_000447185.1	Nosema_apis	0	0
GCA_000465215.2	Pyrenophora_seminiperda	1	1
GCA_000469055.2	Austropuccinia_psidii	0	0
GCA_000474925.1	Sporothrix_schenckii	0	0
GCA_000488995.1	Moniliophthora_roreri	0	0
GCA_000497045.1	Kalmanozyma_brasiliensis	0	0
GCA_000497085.1	Paecilomyces_variotii	0	0
GCA_000503235.1	Sclerotinia_borealis	0	0
GCA_000507405.3	Kwoniella_heveanensis	0	0
GCA_000507465.3	Kwoniella_mangrovensis	0	0
GCA_000512565.2	Kwoniella_dejecticola	0	0
GCA_000512605.2	Kwoniella_pini	0	0
GCA_000513335.1	Penicillium_camemberti	0	0
GCA_000517465.1	Moesziomyces_aphidis	0	0
GCA_000525045.1	Drechslerella_stenobrocha	0	0
GCA_000576695.1	Kuraishia_capsulata	0	0
GCA_000585515.1	Cladophialophora_yegresii	0	0
GCA_000585585.1	Capronia_coronata	0	0
GCA_000616865.1	Trichophyton_soudanense	1	1
GCA_000622975.1	Trichophyton_interdigitale	1	1
GCA_000687475.2	Ustilaginoidea_virens	2	0
GCA_000696135.1	Colletotrichum_sublineola	5	3
GCA_000697665.1	Jaapia_argillacea	0	0
GCA_000697685.1	Pleurotus_ostreatus	0	0
GCA_000697705.1	Botryobasidium_botryosum	0	0
GCA_000709125.1	Exophiala_aquamarina	1	1
GCA_000710275.1	Penicillium_chrysogenum	0	0
GCA_000711695.1	Tilletiaria_anomala	1	1
GCA_000721755.1	Aureobasidium_subglaciale	0	0
GCA_000721765.1	Aureobasidium_namibiae	1	1
GCA_000721775.1	Aureobasidium_melanogenum	0	0
GCA_000721785.1	Aureobasidium_pullulans	1	1
GCA_000723665.1	Lichtheimia_corymbifera	0	0
GCA_000730325.1	Stachybotrys_chartarum	0	0
GCA_000732125.1	Scedosporium_apiospermum	0	0
GCA_000732775.1	Stachybotrys_chlorohalonata	0	0
GCA_000739165.1	Podila_verticillata	0	0
GCA_000743665.3	Scytalidium_sp._3C	0	0
GCA_000750665.1	Pseudogymnoascus_sp._VKM_F-3557	0	0
GCA_000750675.1	Pseudogymnoascus_sp._VKM_F-3808	0	0
GCA_000750715.1	Pseudogymnoascus_sp._VKM_F-3775	0	0
GCA_000750735.1	Pseudogymnoascus_sp._VKM_F-4246	0	0
GCA_000750745.1	Pseudogymnoascus_sp._VKM_F-4281_(FW-2241)	0	0
GCA_000750755.1	Pseudogymnoascus_sp._VKM_F-4513_(FW-928)	0	0
GCA_000750795.1	Pseudogymnoascus_sp._VKM_F-4514_(FW-929)	0	0
GCA_000750805.1	Pseudogymnoascus_sp._VKM_F-4515_(FW-2607)	1	1
GCA_000750815.1	Pseudogymnoascus_sp._VKM_F-4516_(FW-969)	0	0
GCA_000750875.1	Pseudogymnoascus_sp._VKM_F-4517_(FW-2822)	0	0
GCA_000750895.1	Pseudogymnoascus_sp._VKM_F-103	0	0
GCA_000750925.1	Pseudogymnoascus_sp._VKM_F-4518_(FW-2643)	0	0
GCA_000750935.1	Pseudogymnoascus_sp._VKM_F-4519_(FW-2642)	0	0
GCA_000750995.1	Pseudogymnoascus_sp._VKM_F-4520_(FW-2644)	0	0
GCA_000760515.2	Mitosporidium_daphniae	0	0
GCA_000764455.1	Pichia_kudriavzevii	0	0
GCA_000765035.1	Trametes_cinnabarina	0	0
GCA_000769215.1	Fusarium_avenaceum	4	3
GCA_000769265.1	Acremonium_chrysogenum	1	1
GCA_000769735.1	Penicillium_expansum	5	5
GCA_000769765.1	Penicillium_italicum	3	2
GCA_000773755.1	Candida_albicans	1	1
GCA_000798715.1	Erysiphe_necator	0	0
GCA_000812105.1	Trichophyton_rubrum	1	1
GCA_000812125.1	Aspergillus_ustus	0	0
GCA_000814955.1	Metarhizium_guizhouense	4	3
GCA_000818155.1	Valsa_mali	0	0
GCA_000820885.1	Kluyveromyces_dobzhanskii	0	0
GCA_000825705.1	Torrubiella_hemipterigena	4	4
GCA_000827185.1	Hydnomerulius_pinastri	0	0
GCA_000827195.1	Laccaria_amethystina	0	0
GCA_000827205.1	Plicaturopsis_crispa	0	0
GCA_000827215.1	Sphaerobolus_stellatus	2	2
GCA_000827255.1	Suillus_luteus	0	0
GCA_000827265.1	Gymnopus_luxurians	1	1
GCA_000827275.1	Pisolithus_microcarpus	0	0
GCA_000827315.1	Piloderma_croceum	0	0
GCA_000827325.1	Oidiodendron_maius	3	3
GCA_000827335.1	Pisolithus_tinctorius	0	0
GCA_000827355.1	Hebeloma_cylindrosporum	0	0
GCA_000827395.1	Paxillus_rubicundulus	0	0
GCA_000827425.1	Scleroderma_citrinum	0	0
GCA_000827465.1	Tulasnella_calospora	0	0
GCA_000827475.1	Paxillus_involutus	0	0
GCA_000827485.1	Amanita_muscaria	0	0
GCA_000827495.1	Hypholoma_sublateritium	0	0
GCA_000829775.1	Talaromyces_cellulolyticus	0	0
GCA_000832265.1	Phlebiopsis_gigantea	0	0
GCA_000835395.1	Exophiala_sideris	0	0
GCA_000835435.1	Phialophora_americana	1	1
GCA_000835475.1	Cladophialophora_bantiana	1	1
GCA_000835515.1	Exophiala_oligosperma	1	1
GCA_000836255.1	fungal_sp._No.11243	0	0
GCA_000855695.1	Cryptococcus_gattii_VGIII	0	0
GCA_000934385.1	Cylindrobasidium_torrendii	0	0
GCA_000934395.1	Fistulina_hepatica	0	0
GCA_000938895.1	Parasitella_parasitica	0	0
GCA_000945115.1	Lichtheimia_ramosa	0	0
GCA_000956045.1	Hirsutella_minnesotensis	3	3
GCA_000966595.1	Zymoseptoria_brevis	1	1
GCA_000968615.1	Thielaviopsis_punctulata	1	0
GCA_000968835.1	Eremothecium_gossypii	1	1
GCA_000976905.2	Saccharomyces_cerevisiae	1	1
GCA_000978885.1	Ceratocystis_platani	0	0
GCA_000985935.1	Talaromyces_islandicus	0	0
GCA_000986645.1	Aspergillus_rambellii	1	1
GCA_000986665.1	Aspergillus_ochraceoroseus	1	1
GCA_001006345.1	Phaeomoniella_chlamydospora	1	1
GCA_001006365.1	Diaporthe_ampelina	1	1
GCA_001008285.1	Emmonsia_crescens	1	1
GCA_001014755.1	Blastomyces_silverae	1	1
GCA_001020605.1	Schizopora_paradoxa	0	0
GCA_001023035.1	Fusarium_fujikuroi	4	4
GCA_001048715.1	Penicillium_brasilianum	2	2
GCA_001050175.1	Trichoderma_parareesei	1	0
GCA_001189435.1	Tolypocladium_ophioglossoides	1	1
GCA_001189475.1	Candida_auris	1	1
GCA_001204775.2	Aspergillus_nomiae	2	2
GCA_001245095.1	Cyberlindnera_jadinii	1	1
GCA_001263195.1	Termitomyces_sp._J132	0	0
GCA_001263375.1	Puccinia_sorghi	0	0
GCA_001272575.2	Ophiocordyceps_unilateralis	0	0
GCA_001275765.2	Madurella_mycetomatis	4	3
GCA_001278495.1	Escovopsis_weberi	1	0
GCA_001278595.1	Penicillium_nordicum	0	0
GCA_001292635.1	Fusarium_langsethiae	3	3
GCA_001298375.2	Saccharomyces_boulardii	1	1
GCA_001299255.1	Phialophora_attinorum	1	1
GCA_001305275.1	Talaromyces_verruculosus	6	4
GCA_001306435.1	Neonectria_ditissima	3	3
GCA_001432165.1	Pseudoloma_neurophilia	0	0
GCA_001445595.3	Rosellinia_necatrix	0	0
GCA_001481415.2	Sanghuangporus_baumii	0	0
GCA_001511075.1	Aspergillus_calidoustus	0	0
GCA_001513925.1	Penicillium_freii	0	0
GCA_001541205.1	Rhodotorula_sp._JG-1b	0	0
GCA_001561935.1	Penicillium_griseofulvum	4	4
GCA_001563115.1	Colletotrichum_nymphaeae	3	3
GCA_001563125.1	Colletotrichum_salicis	0	0
GCA_001563135.1	Colletotrichum_simmondsii	4	2
GCA_001563735.1	Leucoagaricus_sp._SymC.cos	0	0
GCA_001566295.1	Microdochium_bolleyi	0	0
GCA_001574975.1	Gonapodya_prolifera	0	0
GCA_001578225.1	Pseudocercospora_musae	0	0
GCA_001578235.1	Pseudocercospora_eumusae	2	2
GCA_001592465.1	Acidomyces_sp._'richmondensis'	0	0
GCA_001592805.2	Peltaster_fructicola	1	1
GCA_001593205.1	Rhizophagus_irregularis	0	0
GCA_001600855.1	Saitozyma_sp._JCM_24511	0	0
GCA_001605315.2	Hypsizygus_marmoreus	0	0
GCA_001619985.1	Xylona_heveae	2	2
GCA_001625265.1	Colletotrichum_tofieldiae	3	3
GCA_001630335.1	Fibularhizoctonia_sp._CBS_109695	0	0
GCA_001630345.1	Calocera_viscosa	0	0
GCA_001630475.1	Sistotremastrum_niveocremeum	0	0
GCA_001632345.1	Daedalea_quercina	0	0
GCA_001632355.1	Sistotremastrum_suecicum	0	0
GCA_001632375.1	Exidia_glandulosa	1	0
GCA_001632425.1	Neolentinus_lepideus	0	0
GCA_001632435.1	Calocera_cornea	0	0
GCA_001632445.1	Peniophora_sp._CONT	0	0
GCA_001633055.2	Ophiocordyceps_polyrhachis-furcata	0	0
GCA_001636675.1	Moelleriella_libera	4	1
GCA_001636715.1	Ascosphaera_apis	0	0
GCA_001636725.1	Cordyceps_fumosorosea	2	0
GCA_001636735.1	Beauveria_brongniartii	3	1
GCA_001636745.1	Metarhizium_rileyi	1	0
GCA_001636815.1	Sporothrix_insectorum	1	0
GCA_001638945.1	Mucor_lusitanicus	0	0
GCA_001640025.2	Sugiyamaella_lignohabitans	0	0
GCA_001642045.1	Paraphaeosphaeria_sporulosa	1	1
GCA_001642395.1	Nematocida_displodere	0	0
GCA_001642415.1	Nematocida_sp._ERTm5	0	0
GCA_001642475.1	Fonsecaea_monophora	1	1
GCA_001644525.1	Stagonospora_sp._SRC1lsM3a	5	5
GCA_001644535.1	Pyrenochaeta_sp._DS3sAY3a	5	5
GCA_001645005.2	Tilletia_caries	0	0
GCA_001645045.2	Tilletia_controversa	0	0
GCA_001645055.2	Tilletia_walkeri	0	0
GCA_001646985.1	Fonsecaea_multimorphosa	0	0
GCA_001651435.1	Trichophyton_violaceum	1	0
GCA_001653215.1	Akanthomyces_lecanii	2	2
GCA_001653265.1	Purpureocillium_lilacinum	1	1
GCA_001654555.2	Fusarium_agapanthi	2	2
GCA_001658105.1	Rhizopogon_vinicolor	0	0
GCA_001660665.1	Emergomyces_africanus	1	1
GCA_001661245.1	Pachysolen_tannophilus	0	0
GCA_001661315.1	Nadsonia_fulvescens	0	0
GCA_001661325.1	Lipomyces_starkeyi	0	0
GCA_001661425.1	Candida_arabinofermentans	0	0
GCA_001661475.1	Tortispora_caseinolytica	0	0
GCA_001662575.1	Pseudogymnoascus_sp._23342-1-I1	0	0
GCA_001662585.1	Pseudogymnoascus_sp._WSF_3629	0	0
GCA_001662595.1	Pseudogymnoascus_sp._24MN13	0	0
GCA_001662605.1	Pseudogymnoascus_sp._05NY08	0	0
GCA_001662645.1	Pseudogymnoascus_sp._03VT05	0	0
GCA_001664025.1	Hanseniaspora_valbyensis	1	0
GCA_001675295.1	Fusarium_poae	5	5
GCA_001683725.1	Choanephora_cucurbitarum	0	0
GCA_001683735.1	Grifola_frondosa	0	0
GCA_001687445.1	Obba_rivulosa	0	0
GCA_001691755.2	Amanita_polypyramis	0	0
GCA_001691775.3	Amanita_inopinata	0	0
GCA_001691785.2	Amanita_brunnescens	0	0
GCA_001691835.3	Volvariella_volvacea	0	0
GCA_001692735.1	Lepidopterella_palustris	1	1
GCA_001692895.1	Cenococcum_geophilum	1	1
GCA_001692915.1	Glonium_stellatum	0	0
GCA_001696595.2	Aspergillus_hancockii	2	2
GCA_001702395.2	Diaporthe_helianthi	3	0
GCA_001702695.2	Fusarium_oxysporum	3	3
GCA_001703955.2	Fusarium_pseudograminearum	3	3
GCA_001708105.1	Komagataella_pastoris	0	0
GCA_001717485.1	Aspergillus_cristatus	1	1
GCA_001720245.1	Cryptococcus_depauperatus	0	0
GCA_001747045.1	Hanseniaspora_osmophila	1	0
GCA_001749795.1	Hanseniaspora_opuntiae	1	1
GCA_001773325.1	Penicillium_arizonense	3	3
GCA_001855235.1	Colletotrichum_incanum	3	1
GCA_001857865.1	Sclerotinia_sclerotiorum	0	0
GCA_001879275.1	Coniochaeta_ligniaria	0	0
GCA_001882365.1	Rhizopogon_vesiculosus	0	0
GCA_001883805.1	Blastomyces_percursus	1	0
GCA_001883825.1	Emergomyces_pasteurianus	1	1
GCA_001883845.1	Diplodia_corticola	3	3
GCA_001889945.1	Aspergillus_brasiliensis	1	1
GCA_001890745.1	Aspergillus_tubingensis	1	0
GCA_001895945.1	Trametes_pubescens	0	0
GCA_001907595.1	Talaromyces_atroroseus	2	0
GCA_001908125.1	Penicillium_subrubescens	3	2
GCA_001913855.2	Phlebia_centrifuga	0	0
GCA_001929475.1	Neolecta_irregularis	0	0
GCA_001937105.1	Colletotrichum_chlorophyti	0	0
GCA_001950575.1	Pichia_membranifaciens	0	0
GCA_001953115.1	Smittium_mucronatum	0	0
GCA_001969505.1	Zancudomyces_culisetae	0	0
GCA_001970855.1	Smittium_culicis	0	0
GCA_001975905.1	Diplodia_seriata	3	3
GCA_001983305.1	Cyberlindnera_fabianii	1	1
GCA_001984395.2	Zygosaccharomyces_parabailii	2	2
GCA_001990825.1	Aspergillus_carbonarius	4	2
GCA_002003505.1	fungal_sp._No.14919	0	0
GCA_002008015.1	Candida_boidinii	1	1
GCA_002022785.1	Trichoderma_guizhouense	3	2
GCA_002072235.1	Penicillium_solitum	4	3
GCA_002072245.1	Penicillium_decumbens	1	1
GCA_002072255.1	Penicillium_vulpinum	4	4
GCA_002072265.1	Penicillium_polonicum	8	8
GCA_002072345.1	Penicillium_antarcticum	6	6
GCA_002072365.1	Penicillium_flavigenum	3	3
GCA_002072375.1	Penicillium_steckii	1	1
GCA_002072405.1	Penicillium_coprophilum	1	1
GCA_002072425.1	Penicillium_nalgiovense	5	4
GCA_002077065.1	Rachicladosporium_antarcticum	0	0
GCA_002079055.1	Saccharomyces_paradoxus	1	1
GCA_002081675.1	Enterocytozoon_hepatopenaei	0	0
GCA_002087875.1	Hepatospora_eriocheir	0	0
GCA_002087915.1	Enterospora_canceri	0	0
GCA_002092935.1	Trametes_coccinea	0	0
GCA_002102555.1	Catenaria_anguillulae	0	0
GCA_002104895.1	Anaeromyces_robustus	0	0
GCA_002104905.1	Basidiobolus_meristosporus	0	0
GCA_002104935.1	Hesseltinella_vesiculosa	0	0
GCA_002104945.1	Piromyces_finnis	0	0
GCA_002104985.1	Rhizoclosmatium_globosum	0	0
GCA_002105025.1	Clohesyomyces_aquaticus	2	2
GCA_002105055.1	Leucosporidium_creatinivorum	0	0
GCA_002105065.1	Naematelia_encephala	0	0
GCA_002105095.1	Pseudomassariella_vexata	1	1
GCA_002105135.1	Syncephalastrum_racemosum	0	0
GCA_002105175.1	Absidia_repens	0	0
GCA_002116315.1	Epicoccum_nigrum	3	3
GCA_002120305.1	Hypoxylon_sp._CO27-5	2	2
GCA_002120325.1	Daldinia_sp._EC12	2	2
GCA_002120335.1	Hypoxylon_sp._EC38	2	2
GCA_002157105.1	Piromyces_sp._E2	0	0
GCA_002204255.1	Marssonina_coronariae	1	1
GCA_002234975.2	Aspergillus_turcosus	2	2
GCA_002237265.2	Aspergillus_thermomutatus	4	4
GCA_002240705.1	Elaphomyces_granulatus	0	0
GCA_002251995.2	Wickerhamiella_sorbophila	0	0
GCA_002261195.1	Bifiguratus_adelaidae	0	0
GCA_002276285.1	Lomentospora_prolificans	0	0
GCA_002276475.2	Chlorociboria_aeruginascens	0	0
GCA_002286715.1	Dentipellis_sp._KUC8613	0	0
GCA_002287475.2	Pyrrhoderma_noxium	0	0
GCA_002307675.1	Armillaria_solidipes	0	0
GCA_002307695.1	Armillaria_gallica	0	0
GCA_002382835.1	Penicillium_sp._'occitanis'	4	4
GCA_002554575.1	Amanita_thiersii	0	0
GCA_002572885.1	Blastomyces_parvus	1	0
GCA_002573585.1	Helicocarpus_griseus	1	1
GCA_002573605.1	Polytolypa_hystricis	0	0
GCA_002591385.1	Cordyceps_sp._RAO-2017	1	1
GCA_002591395.1	Ophiocordyceps_camponoti-rufipedis	1	1
GCA_002591405.1	Ophiocordyceps_australis	3	1
GCA_002705745.1	Coemansia_reversa	0	0
GCA_002760635.1	Ganoderma_sinense	0	0
GCA_002812745.2	Scytalidium_lignicola	0	0
GCA_002818225.1	Malassezia_vespertilionis	0	0
GCA_002844615.1	Cercospora_zeina	0	0
GCA_002850765.1	Aspergillus_taichungensis	1	1
GCA_002865625.1	Hyaloscypha_hepaticicola	0	0
GCA_002865655.1	Hyaloscypha_variabilis	0	0
GCA_002871155.1	Beauveria_bassiana	3	2
GCA_002873125.1	Puccinia_coronata	0	0
GCA_002894145.1	Trichoderma_harzianum	3	3
GCA_002894205.1	Trichoderma_gamsii	7	6
GCA_002894225.1	Fusarium_nygamai	4	3
GCA_002895985.1	Sphaceloma_murrayae	1	1
GCA_002900925.1	Lachancea_quebecensis	0	0
GCA_002901185.1	Tolypocladium_capitatum	1	1
GCA_002916505.1	Tolypocladium_paradoxum	1	1
GCA_002918395.1	Erysiphe_pulchra	0	0
GCA_002920065.1	Puccinia_striiformis	0	0
GCA_002922495.1	Rhodotorula_taiwanensis	0	0
GCA_002933655.1	Cercospora_berteroae	0	0
GCA_002938355.1	Panaeolus_cyanescens	0	0
GCA_002938375.1	Psilocybe_cyanescens	0	0
GCA_002938385.1	Gymnopilus_dilepis	0	0
GCA_002946385.1	Rutstroemia_sp._NJR-2017a_WRK4	0	0
GCA_002946415.1	Rutstroemia_sp._NJR-2017a_BVV2	0	0
GCA_002946425.1	Rutstroemia_sp._NJR-2017a_BBW	0	0
GCA_002954075.1	Cryptococcus_gattii_VGII	0	0
GCA_002980475.2	Fusarium_beomiforme	3	3
GCA_003012105.1	Trichoderma_arundinaceum	4	4
GCA_003012285.1	Fusarium_longipes	3	3
GCA_003012295.1	Fusarium_flagelliforme	3	3
GCA_003012315.1	Fusarium_sporotrichioides	7	7
GCA_003013795.1	Elsinoe_australis	0	0
GCA_003016335.1	Corynespora_cassiicola	4	4
GCA_003019875.1	Amorphotheca_resinae	0	0
GCA_003019895.1	Coniella_lustricola	1	1
GCA_003025105.1	Trichoderma_asperellum	6	5
GCA_003025155.1	Trichoderma_longibrachiatum	1	1
GCA_003033665.1	Fusarium_culmorum	3	3
GCA_003070745.1	Tuber_borchii	0	0
GCA_003073295.1	Serendipita_vermifera	0	0
GCA_003073855.1	Periconia_macrospinosa	2	2
GCA_003073865.1	Cadophora_sp._DSE1049	0	0
GCA_003086715.1	Smittium_megazygosporum	0	0
GCA_003086735.1	Smittium_simulii	0	0
GCA_003097675.1	Smittium_angustum	0	0
GCA_003144125.1	Testicularia_cyperi	0	0
GCA_003144135.1	Pseudomicrostroma_glucosiphilum	0	0
GCA_003144195.1	Ceraceosorus_guamensis	0	0
GCA_003144205.1	Meira_miltonrushii	0	0
GCA_003144235.1	Violaceomyces_palustris	2	0
GCA_003144245.1	Jaminaea_rosea	0	0
GCA_003144295.1	Acaromyces_ingoldii	0	0
GCA_003182015.1	Tuber_magnatum	0	0
GCA_003184525.1	Aspergillus_sclerotioniger	3	2
GCA_003184635.1	Aspergillus_sclerotiicarbonarius	4	3
GCA_003184645.1	Aspergillus_ellipticus	3	2
GCA_003184685.1	Aspergillus_indologenus	2	2
GCA_003184695.1	Aspergillus_brunneoviolaceus	3	3
GCA_003184705.1	Aspergillus_violaceofuscus	2	1
GCA_003184745.1	Aspergillus_uvarum	2	2
GCA_003184765.1	Aspergillus_aculeatinus	2	2
GCA_003184825.1	Aspergillus_fijiensis	3	3
GCA_003203555.1	Rhizophagus_clarus	0	0
GCA_003260565.1	Monilinia_fructigena	0	0
GCA_003268315.1	Stemphylium_lycopersici	3	3
GCA_003316975.2	Fusarium_verticillioides	2	2
GCA_003316985.1	Fusarium_coffeatum	3	3
GCA_003325415.1	Rhizopus_stolonifer	0	0
GCA_003325435.1	Rhizopus_azygosporus	0	0
GCA_003339415.1	Ophiocordyceps_camponoti-saundersi	0	0
GCA_003339455.1	Ophiocordyceps_camponoti-leonardi	0	0
GCA_003344505.1	Aspergillus_phoenicis	1	0
GCA_003367725.1	Polyporus_brumalis	0	0
GCA_003369635.1	Coleophoma_crateriformis	1	1
GCA_003369665.1	Coleophoma_cylindrospora	1	1
GCA_003426265.1	Xylaria_longipes	3	2
GCA_003547095.1	Diversispora_epigaea	0	0
GCA_003549995.1	Rhizophagus_sp._MUCL_43196	0	0
GCA_003550305.1	Glomus_cerebriforme	0	0
GCA_003550325.1	Gigaspora_rosea	1	1
GCA_003574525.1	Alternaria_sp._MG1	3	3
GCA_003589665.1	Aspergillus_sclerotialis	1	1
GCA_003610855.1	Oidium_neolycopersici	0	0
GCA_003611235.1	Golovinomyces_cichoracearum	0	0
GCA_003615045.1	Caulochytrium_protostelioides	1	1
GCA_003635345.1	Coniochaeta_pulveracea	0	0
GCA_003676015.1	Meyerozyma_sp._JA9	0	0
GCA_003676035.1	Spathaspora_sp._JA1	1	1
GCA_003691605.1	Malassezia_restricta	0	0
GCA_003693665.1	Chaetothyriales_sp._CBS_134920	1	1
GCA_003698115.1	Aspergillus_sp._HF37	1	1
GCA_003698175.1	Fusarium_kuroshium	2	1
GCA_003704685.1	Hortaea_werneckii	0	0
GCA_003709825.1	Chaetothyriales_sp._CBS_135597	1	1
GCA_003709845.1	Chaetothyriales_sp._CBS_134916	0	0
GCA_003709865.1	Chaetothyriales_sp._CBS_132003	0	0
GCA_003711515.1	Sodiomyces_alkalinus	0	0
GCA_003724135.2	Verticillium_nonalfalfae	2	2
GCA_003788565.2	Ascobolus_immersus	1	1
GCA_003788595.2	Choiromyces_venosus	0	0
GCA_003788615.2	Terfezia_boudieri	0	0
GCA_003790465.1	Morchella_conica	2	2
GCA_003795275.1	Valsa_sordida	0	0
GCA_003795295.1	Cytospora_leucostoma	0	0
GCA_003795315.1	Valsa_malicola	0	0
GCA_003813185.1	Lentinus_tigrinus	0	0
GCA_003814445.1	Epichloe_festucae	1	1
GCA_003850985.1	Aspergillus_awamori	0	0
GCA_003851025.1	Sparassis_crispa	0	0
GCA_003942205.1	Apiotrichum_porosum	0	0
GCA_003942215.1	Saitozyma_podzolica	0	0
GCA_003946985.1	Fusarium_sp._AF-8	1	1
GCA_003946995.1	Fusarium_sp._AF-4	1	1
GCA_003947005.1	Fusarium_floridanum	1	1
GCA_003947015.1	Fusarium_sp._AF-6	1	1
GCA_003947045.1	Fusarium_ambrosium	1	1
GCA_003957675.1	Fusarium_euwallaceae	2	2
GCA_003990745.1	Jimgerdemannia_flammicorona	0	0
GCA_003990785.1	Endogone_sp._FLAS-F59071	0	0
GCA_004000055.1	Arthrobotrys_flagrans	0	0
GCA_004000155.1	Tubulinosema_ratisbonensis	0	0
GCA_004011695.1	Ascochyta_rabiei	3	3
GCA_004011705.1	Ascochyta_lentis	4	4
GCA_004011775.1	Exophiala_mesophila	0	0
GCA_004014815.1	Xylaria_grammica	5	3
GCA_004126415.1	Candolleomyces_aberdarensis	0	0
GCA_004154765.1	Alternaria_tenuissima	4	4
GCA_004154915.1	Monosporascus_ibericus	3	3
GCA_004154925.1	Monosporascus_cannonballus	3	3
GCA_004154975.1	Monosporascus_sp._MC13-8B	3	3
GCA_004155035.1	Monosporascus_sp._5C6A	3	3
GCA_004155055.1	Monosporascus_sp._CRB-8-3	3	2
GCA_004155915.1	Monosporascus_sp._CRB-9-2	2	2
GCA_004155935.1	Monosporascus_sp._GIB2	3	2
GCA_004155945.1	Monosporascus_sp._mg162	3	1
GCA_004155955.1	Alternaria_arborescens	3	3
GCA_004156025.2	Alternaria_gaisen	4	4
GCA_004217705.1	Metschnikowia_aff._pulcherrima	1	1
GCA_004307905.1	Dichomitus_squalens	0	0
GCA_004324935.1	Ordospora_colligata	0	0
GCA_004325035.1	Hamiltosporidium_magnivora	0	0
GCA_004325045.1	Hamiltosporidium_tvaerminnensis	0	0
GCA_004332605.1	Steccherinum_ochraceum	0	0
GCA_004337975.1	Pyricularia_sp._CBS_133598	1	0
GCA_004337985.1	Pyricularia_pennisetigena	0	0
GCA_004346965.1	Pyricularia_oryzae	1	0
GCA_004353045.1	Phialemoniopsis_curvata	0	0
GCA_004355085.1	Rickenella_mellea	0	0
GCA_004366825.1	Colletotrichum_spinosum	6	5
GCA_004367215.1	Colletotrichum_trifolii	6	5
GCA_004369045.1	Heliocybe_sulcata	0	0
GCA_004369055.1	Polyporus_arcularius	0	0
GCA_004369065.1	Pluteus_cervinus	2	2
GCA_004369125.1	Pterula_gracilis	2	1
GCA_004369135.1	Dendrothele_bispora	0	0
GCA_004369175.1	Coprinellus_micaceus	0	0
GCA_004379285.1	Botryotinia_calthae	1	1
GCA_004379715.1	Crucibulum_laeve	0	0
GCA_004522665.1	Venturia_nashicola	2	2
GCA_004679265.1	Fomitopsis_rosea	0	0
GCA_004679275.1	Dentipellis_fragilis	0	0
GCA_004681135.1	Hericium_alpestre	0	0
GCA_004768795.1	Xylaria_hypoxylon	5	4
GCA_004786065.1	Ascodesmis_nigricans	0	0
GCA_004786125.1	Botrytis_tulipae	1	1
GCA_004786145.1	Botrytis_paeoniae	1	1
GCA_004786225.1	Botryotinia_narcissicola	1	1
GCA_004786245.1	Botrytis_hyacinthi	1	1
GCA_004786275.1	Botryotinia_convoluta	1	1
GCA_004802695.1	Phellinidium_pouzarii	0	0
GCA_004802705.1	Bondarzewia_mesenterica	0	0
GCA_004802725.1	Antrodiella_citrinella	0	0
GCA_004916875.1	Botrytis_galanthina	1	1
GCA_004918325.1	Wallemia_hederae	0	0
GCA_004931855.1	Candida_inconspicua	0	0
GCA_005059845.1	Cryomyces_minteri	0	0
GCA_005059855.1	Friedmanniomyces_endolithicus	0	0
GCA_005059865.1	Friedmanniomyces_simplex	0	0
GCA_005059875.1	Rhodotorula_sp._CCFEE_5036	0	0
GCA_005059885.1	Hortaea_thailandica	0	0
GCA_005298045.1	Pleurotus_ostreatoroseus	0	0
GCA_005350895.1	Colletotrichum_tanaceti	3	1
GCA_005406065.1	Metschnikowia_sp._JCM_33374	0	0
GCA_005406105.1	Zygosaccharomyces_mellis	0	0
GCA_006352295.1	Rhodotorula_diobovata	0	0
GCA_006535955.1	Synchytrium_endobioticum	0	0
GCA_006535965.1	Spizellomyces_sp._'palustris'	1	1
GCA_006535975.1	Chytriomyces_confervae	0	0
GCA_006536005.1	Powellomyces_hirtus	0	0
GCA_006542485.1	Monascus_purpureus	1	0
GCA_006783085.1	Colletotrichum_shisoi	1	0
GCA_006912115.1	Golovinomyces_magnicellulatus	0	0
GCA_006981985.1	Cordyceps_javanica	3	3
GCA_007026445.1	Auriculariopsis_ampla	0	0
GCA_007182795.1	Xylaria_flabelliformis	5	4
GCA_007735645.1	Venturia_effusa	1	1
GCA_007821475.1	Lachnellula_arida	0	0
GCA_007821535.1	Lachnellula_occidentalis	0	0
GCA_007821545.1	Lachnellula_subtilissima	0	0
GCA_007825325.1	Lachnellula_cervina	0	0
GCA_007825345.1	Lachnellula_suecica	1	1
GCA_007825375.1	Lachnellula_willkommii	0	0
GCA_008065275.1	Vanrija_humicola	0	0
GCA_008355005.1	Cryptococcus_floricola	0	0
GCA_008692225.1	Monilinia_fructicola	0	0
GCA_008694065.1	Daldinia_childiae	2	2
GCA_008704415.1	Sphaerosporella_brunnea	0	0
GCA_008704605.1	Trichomonascus_ciferrii	0	0
GCA_009078325.1	Ceratobasidium_theobromae	0	0
GCA_009176345.1	Aspergillus_leporis	2	2
GCA_009176385.1	Aspergillus_parasiticus	2	2
GCA_009176405.1	Aspergillus_novoparasiticus	2	2
GCA_009176455.1	Aspergillus_minisclerotigenes	2	2
GCA_009193445.1	Aspergillus_pseudotamarii	2	2
GCA_009193465.1	Aspergillus_avenaceus	2	2
GCA_009193485.1	Aspergillus_tamarii	2	2
GCA_009193505.1	Aspergillus_transmontanensis	2	2
GCA_009193525.1	Aspergillus_sergii	2	2
GCA_009193545.1	Aspergillus_arachidicola	2	2
GCA_009193565.1	Aspergillus_coremiiformis	1	1
GCA_009193585.1	Aspergillus_caelatus	2	2
GCA_009193595.1	Aspergillus_bertholletiae	2	2
GCA_009193605.1	Aspergillus_alliaceus	2	2
GCA_009193645.1	Aspergillus_pseudonomiae	2	2
GCA_009193665.1	Aspergillus_pseudocaelatus	2	2
GCA_009299455.1	Monilinia_laxa	0	0
GCA_009428275.1	Tilletia_laevis	0	0
GCA_009428345.1	Tilletia_indica	0	0
GCA_009613015.1	Helotiales_sp._DMI_Dod_QoI	0	0
GCA_009732865.1	Chalara_longipes	3	3
GCA_009733575.1	Gymnopus_androsaceus	0	0
GCA_009769425.1	Venturia_inaequalis	3	3
GCA_009805765.1	Hanseniaspora_uvarum	1	1
GCA_009806415.1	Colletotrichum_asianum	5	5
GCA_009809945.1	Gigaspora_margarita	1	1
GCA_009982845.1	Delphinella_strobiligena	0	0
GCA_009982855.1	Lizonia_empirigonia	3	3
GCA_010015565.1	Dissoconium_aciculare	2	2
GCA_010015605.1	Decorospora_gaudefroyi	2	2
GCA_010015615.1	Cucurbitaria_berberidis	3	3
GCA_010015635.1	Clathrospora_elynae	4	4
GCA_010015655.1	Bimuria_novae-zelandiae	0	0
GCA_010015675.1	Byssothecium_circinans	1	1
GCA_010015705.1	Aulographum_hederae	1	1
GCA_010015725.1	Amniculicola_lignicola	2	2
GCA_010015735.1	Aaosphaeria_arxii	2	2
GCA_010015745.1	Setomelanomma_holmii	2	2
GCA_010015785.1	Saccharata_proteae	1	1
GCA_010015805.1	Rhizodiscina_lignyota	1	1
GCA_010015815.1	Dothidotthia_symphoricarpi	3	3
GCA_010015825.1	Lophiotrema_nucula	2	1
GCA_010093485.1	Karstenula_rhodostoma	1	1
GCA_010093515.1	Lineolata_rhizophorae	0	0
GCA_010093535.1	Lindgomyces_ingoldianus	4	4
GCA_010093585.1	Melanomma_pulvis-pyrius	0	0
GCA_010093595.1	Mytilinidion_resinicola	3	3
GCA_010093605.1	Lophium_mytilinum	2	2
GCA_010093625.1	Macroventuria_anomochaeta	2	1
GCA_010093635.1	Massarina_eburnea	1	1
GCA_010093685.1	Ophiobolus_disseminans	2	2
GCA_010093695.1	Plenodomus_tracheiphilus	4	4
GCA_010093705.1	Patellaria_atrata	1	1
GCA_010093715.1	Pleomassaria_siparia	0	0
GCA_010093745.1	Piedraia_hortae	0	0
GCA_010093785.1	Polychaeton_citri	1	1
GCA_010093795.1	Sporormia_fimetaria	2	1
GCA_010093805.1	Polyplosphaeria_fusca	0	0
GCA_010093815.1	Pseudovirgaria_hyperparasitica	1	1
GCA_010093825.1	Teratosphaeria_nubilosa	1	1
GCA_010093885.1	Aplosporella_prunicola	4	4
GCA_010093895.1	Myriangium_duriaei	1	1
GCA_010093925.1	Zopfia_rhizophila	7	7
GCA_010093935.1	Zasmidium_cellare	1	1
GCA_010093945.1	Delitschia_confertaspora	1	1
GCA_010093985.1	Cercospora_zeae-maydis	1	1
GCA_010093995.1	Elsinoe_ampelina	0	0
GCA_010094025.1	Viridothelium_virens	0	0
GCA_010094035.1	Trematosphaeria_pertusa	2	2
GCA_010094045.1	Didymosphaeria_enalia	3	2
GCA_010094085.1	Westerdykella_ornata	1	1
GCA_010094095.1	Ampelomyces_quisqualis	4	4
GCA_010094145.1	Didymella_exigua	2	1
GCA_010356995.1	Trichodelitschia_bisporula	0	0
GCA_010405375.1	Lophiostoma_macrostomum	5	4
GCA_010405405.1	Microthyrium_microscopicum	0	0
GCA_010405425.1	Lentithecium_fluviatile	4	4
GCA_010583015.1	Tothia_fuscella	1	1
GCA_011022315.1	Saccharomyces_pastorianus	2	2
GCA_011032825.1	Massariosphaeria_phaeospora	0	0
GCA_011057905.1	Xylaria_multiplex	3	3
GCA_011058865.1	Didymella_keratinophila	3	3
GCA_011058875.1	Neopestalotiopsis_sp._37M	1	1
GCA_011058885.1	Penicillium_rubens	3	3
GCA_011058895.1	Didymella_heteroderae	3	3
GCA_011058905.1	Curvularia_kusanoi	3	3
GCA_011066345.1	Trichoderma_lentiforme	3	3
GCA_011066485.2	Verticillium_dahliae	1	1
GCA_011075155.1	Colletotrichum_scovillei	3	3
GCA_011392495.1	Talaromyces_pinophilus	4	4
GCA_011392555.1	Penicillium_rolfsii	1	1
GCA_011503125.2	Botryosphaeria_dothidea	6	5
GCA_011692745.1	Arthroderma_uncinatum	1	1
GCA_011745365.1	Cryphonectria_parasitica	2	1
GCA_011763775.1	Rhizopus_arrhizus	0	0
GCA_011800875.2	Suillus_brevipes	0	0
GCA_011947395.2	Colletotrichum_karsti	3	2
GCA_011947485.2	Colletotrichum_camelliae	6	6
GCA_012184295.1	Dactylella_cylindrospora	0	0
GCA_012184305.1	Drechslerella_brochopaga	0	0
GCA_012184315.1	Arthrobotrys_entomopaga	0	0
GCA_012184355.1	Dactylellina_cionopaga	0	0
GCA_012295545.2	Penicillium_digitatum	4	3
GCA_012656285.1	Aspergillus_fumigatiaffinis	4	4
GCA_012656375.1	Aspergillus_lentulus	2	2
GCA_012931995.1	Fusarium_albosuccineum	3	2
GCA_012932025.1	Fusarium_austroafricanum	2	2
GCA_012934285.1	Ophiocordyceps_sinensis	1	1
GCA_012971845.1	Lasiodiplodia_theobromae	4	4
GCA_012977835.1	Elsinoe_fawcettii	0	0
GCA_012980515.1	Ophiocordyceps_camponoti-floridani	0	0
GCA_012980525.1	Pleurotus_pulmonarius	0	0
GCA_013036055.1	Alternaria_burnsii	4	3
GCA_013054445.1	Cudoniella_acicularis	1	1
GCA_013138035.1	Penicillium_sp._str._#12	0	0
GCA_013201765.1	Colletotrichum_viniferum	6	3
GCA_013201785.1	Colletotrichum_tropicale	6	5
GCA_013201865.1	Colletotrichum_siamense	6	6
GCA_013266165.1	Fusarium_graminum	2	2
GCA_013266175.1	Fusarium_gaditjirri	3	2
GCA_013266185.1	Fusarium_sarcochroum	1	1
GCA_013266195.1	Fusarium_zealandicum	0	0
GCA_013266205.1	Fusarium_decemcellulare	5	3
GCA_013266265.1	Fusarium_sp._NRRL_66182	2	2
GCA_013305805.1	Geotrichum_candidum	1	1
GCA_013305925.1	Galactomyces_reessii	0	0
GCA_013364935.1	Fusarium_anthophilum	5	5
GCA_013364965.1	Fusarium_austroamericanum	2	1
GCA_013368295.1	Psilocybe_cf._subviscida	0	0
GCA_013368315.1	Tetrapyrgos_nigripes	7	6
GCA_013368325.1	Tulosesus_angulatus	1	1
GCA_013368375.1	Tricholomella_constricta	0	0
GCA_013368445.1	Leucoagaricus_leucothites	0	0
GCA_013368555.1	Gymnopus_confluens	1	1
GCA_013368755.1	Talaromyces_rugulosus	2	2
GCA_013390205.1	Colletotrichum_fructicola	6	6
GCA_013395995.1	Fusarium_pseudoanthophilum	3	3
GCA_013396005.1	Fusarium_napiforme	2	2
GCA_013396015.1	Fusarium_mexicanum	4	4
GCA_013396025.1	Fusarium_phyllophilum	3	3
GCA_013396035.1	Fusarium_pseudocircinatum	4	4
GCA_013396075.1	Fusarium_subglutinans	3	3
GCA_013396095.1	Fusarium_sp._NRRL_52700	4	4
GCA_013396165.1	Fusarium_globosum	3	3
GCA_013396175.1	Fusarium_denticulatum	5	5
GCA_013396185.1	Fusarium_circinatum	4	3
GCA_013396195.1	Fusarium_tjaetaba	4	4
GCA_013396205.1	Fusarium_mundagurra	3	3
GCA_013396255.1	Fusarium_sp._NRRL_25303	4	4
GCA_013396295.1	Fusarium_heterosporum	3	3
GCA_013402915.1	Zygotorulaspora_mrakii	1	1
GCA_013421405.2	Aspergillus_burnettii	2	2
GCA_013426205.1	Metarhizium_brunneum	4	4
GCA_013461495.1	Botrytis_fragariae	2	2
GCA_013694445.1	Torulaspora_sp._CBS_2947	1	1
GCA_013758895.1	Fusarium_bulbicola	4	4
GCA_013781345.1	Fusarium_coicis	2	2
GCA_014049445.1	Candida_parapsilosis	1	1
GCA_014065205.1	Tuber_brumale	0	0
GCA_014065215.1	Tuber_indicum	0	0
GCA_014133895.1	Torulaspora_globosa	1	1
GCA_014235925.1	Colletotrichum_truncatum	3	2
GCA_014235935.1	Colletotrichum_musicola	5	2
GCA_014235945.1	Colletotrichum_plurivorum	5	3
GCA_014281915.1	Aspergillus_felis	1	1
GCA_014281935.1	Aspergillus_hiratsukae	2	2
GCA_014298035.1	Pseudocercospora_fuligena	2	1
GCA_014462655.1	Mycena_venus	0	0
GCA_014462675.1	Mycena_sanguinolenta	0	0
GCA_014595645.1	Diaporthe_citri	1	1
GCA_014621375.1	Penicillium_crustosum	6	3
GCA_014621405.1	Stylonectria_norvegica	0	0
GCA_014621425.1	Cylindrodendrum_hubeiense	5	3
GCA_014621435.1	Neopestalotiopsis_clavispora	1	1
GCA_014636115.1	Clavispora_lusitaniae	1	1
GCA_014764975.1	Fusarium_sp._DS_682	4	4
GCA_014784225.2	Aspergillus_flavus	2	2
GCA_014805555.1	Thelohania_contejeani	0	0
GCA_014805705.1	Cucumispora_dikerogammari	0	0
GCA_014839625.1	Penicillium_sp._RFL-2021a	3	2
GCA_014839865.1	Apophysomyces_ossiformis	1	0
GCA_014839935.1	Entomophthora_muscae	0	0
GCA_014898285.1	Botrytis_aclada	1	1
GCA_014898295.1	Botrytis_byssoidea	2	2
GCA_014898415.1	Sclerotium_cepivorum	0	0
GCA_014898425.1	Botryotinia_globosa	0	0
GCA_014898435.1	Botrytis_sinoallii	1	1
GCA_014898465.1	Botrytis_porri	2	2
GCA_014898485.1	Botrytis_squamosa	1	1
GCA_014898535.1	Botrytis_deweyae	1	1
GCA_014898555.1	Botrytis_elliptica	1	1
GCA_014898675.1	Athelia_sp._TMB	0	0
GCA_014904835.1	Paxillus_ammoniavirescens	0	0
GCA_014904845.1	Acephala_macrosclerotiorum	0	0
GCA_014904855.1	Thelephora_ganbajun	0	0
GCA_014904895.1	Tricholoma_matsutake	0	0
GCA_014904905.1	Wilcoxina_mikolae	0	0
GCA_014904935.1	Melanogaster_broomeanus	0	0
GCA_014905795.1	Metschnikowia_persimmonesis	1	1
GCA_014905825.1	Lyophyllum_atratum	0	0
GCA_014925785.1	Mycena_galopus	0	0
GCA_014925795.1	Boletus_edulis	0	0
GCA_014925825.1	Pholiota_molesta	0	0
GCA_014925845.1	Crassisporium_funariophilum	0	0
GCA_015025155.1	Lactarius_quietus	0	0
GCA_015039315.1	Clavulina_sp._PMI_390	5	5
GCA_015039355.1	Ramaria_rubella	1	1
GCA_015039365.1	Amanita_rubescens	0	0
GCA_015039395.1	Ceratobasidium_sp._AG-I	0	0
GCA_015039405.1	Cantharellus_anzutake	4	2
GCA_015039435.1	Xerocomus_badius	0	0
GCA_015178925.1	Russula_emetica	0	0
GCA_015178965.1	Russula_ochroleuca	0	0
GCA_015178975.1	Hysterangium_stoloniferum	0	0
GCA_015178995.1	Trichophaea_hybrida	0	0
GCA_015179025.1	Terfezia_claveryi	0	0
GCA_015179035.1	Tirmania_nivea	0	0
GCA_015179045.1	Kalaharituber_pfeilii	0	0
GCA_015179125.1	Gautieria_morchelliformis	0	0
GCA_015484465.1	Pholiota_conissans	0	0
GCA_015484485.1	Agrocybe_pediades	0	0
GCA_015484515.1	Pleurotus_eryngii	0	0
GCA_015499975.1	Dissophora_ornata	0	0
GCA_015499985.1	Haplosporangium_gracile	0	0
GCA_015499995.1	Flammula_alnicola	0	0
GCA_015500005.1	Entomortierella_lignicola	0	0
GCA_015500155.1	Haplosporangium_bisporale	0	0
GCA_015501055.1	Mucidula_mucida	0	0
GCA_015501065.1	Infundibulicybe_gibba	2	2
GCA_015501075.1	Gymnopilus_junonius	0	0
GCA_015501535.1	Cyathus_striatus	0	0
GCA_015501585.1	Rhodocollybia_butyracea	0	0
GCA_015501595.1	Hymenopellis_radicata	0	0
GCA_015501605.1	Panaeolus_papilionaceus	2	2
GCA_015502445.1	Mortierella_sp._GBA35	0	0
GCA_015502465.1	Mortierella_sp._14UC	0	0
GCA_015502475.1	Mortierella_sp._AD031	0	0
GCA_015502485.1	Mortierella_sp._GBA39	0	0
GCA_015502505.1	Linnemannia_schmuckeri	0	0
GCA_015529505.1	Haplosporangium_sp._Z_11	0	0
GCA_015529515.1	Haplosporangium_sp._Z_767	0	0
GCA_015529795.1	Haplosporangium_sp._Z_27	0	0
GCA_015533775.1	Penicillium_roqueforti	3	1
GCA_015584075.1	Lepista_nuda	0	0
GCA_015584085.1	Macrolepiota_fuliginosa	0	0
GCA_015657495.1	Crepidotus_variabilis	0	0
GCA_015679545.1	Mortierella_sp._AD094	0	0
GCA_015679585.1	Entomortierella_beljakovae	0	0
GCA_015679605.1	Podila_epigama	0	0
GCA_015679695.1	Mortierella_sp._AD011	0	0
GCA_015680635.1	Lunasporangiospora_selenospora	0	0
GCA_015832245.1	Nosema_granulosis	0	0
GCA_015844325.1	Aspergillus_nanangensis	0	0
GCA_015847235.1	Linnemannia_zychae	0	0
GCA_015849275.1	Actinomortierella_ambigua	0	0
GCA_015849295.1	Modicella_reniformis	0	0
GCA_015849305.1	Mortierella_alpina	0	0
GCA_015849325.1	Mortierella_antarctica	0	0
GCA_015852335.1	Entomortierella_chlamydospora	0	0
GCA_015852385.1	Podila_clonocystis	0	0
GCA_015852425.1	Gryganskiella_cystojenkinii	0	0
GCA_015852495.1	Podila_epicladia	0	0
GCA_015951145.1	Cronartium_quercuum	0	0
GCA_015956445.1	Thelephora_terrestris	0	0
GCA_016097715.1	Apophysomyces_sp._BC1015	1	0
GCA_016097735.1	Apophysomyces_sp._BC1021	1	0
GCA_016097755.1	Apophysomyces_sp._BC1034	1	0
GCA_016097855.1	Linnemannia_gamsii	0	0
GCA_016097895.1	Linnemannia_exigua	0	0
GCA_016097925.1	Podila_horticola	0	0
GCA_016097935.1	Dissophora_globulifera	0	0
GCA_016097945.1	Podila_humilis	0	0
GCA_016098005.1	Podila_minutissima	0	0
GCA_016098015.1	Gamsiella_multidivaricata	0	0
GCA_016098045.1	Mortierella_sp._GBA43	0	0
GCA_016098085.1	Mortierella_sp._NVP41	0	0
GCA_016098105.1	Actinomortierella_wolfii	0	0
GCA_016098165.1	Mortierella_polycephala	0	0
GCA_016255985.1	Dictyocoela_roeselum	0	0
GCA_016256075.1	Dictyocoela_muelleri	0	0
GCA_016508695.1	Hyphodiscus_hymeniophilus	0	0
GCA_016584165.1	Kluyveromyces_marxianus	1	1
GCA_016584175.1	Kazachstania_exigua	1	1
GCA_016584185.1	Kazachstania_unispora	1	1
GCA_016584195.1	Candida_californica	0	0
GCA_016584205.1	Rhodotorula_mucilaginosa	0	0
GCA_016584345.1	Suillus_ampliporus	0	0
GCA_016618355.2	Astraeus_odoratus	0	0
GCA_016628065.1	Suillus_lakei	0	0
GCA_016628085.1	Suillus_occidentalis	0	0
GCA_016628565.1	Suillus_placidus	0	0
GCA_016647645.1	Suillus_variegatus	0	0
GCA_016647685.1	Suillus_tomentosus	0	0
GCA_016647755.1	Suillus_subluteus	0	0
GCA_016695465.1	Suillus_americanus	0	0
GCA_016695475.1	Suillus_decipiens	0	0
GCA_016695485.1	Suillus_hirtellus	0	0
GCA_016748015.1	Geosiphon_pyriformis	0	0
GCA_016758765.1	Suillus_cothurnatus	0	0
GCA_016758895.1	Umbelopsis_vinacea	0	0
GCA_016758905.1	Umbelopsis_isabellina	0	0
GCA_016758935.1	Thamnidium_elegans	0	0
GCA_016758945.1	Mucor_plumbeus	0	0
GCA_016767475.1	Suillus_weaverae	0	0
GCA_016800925.1	Suillus_spraguei	0	0
GCA_016906575.1	Ceratobasidium_sp._AG-Ba	0	0
GCA_016946835.1	Neocallimastix_sp._JGI-2020a	0	0
GCA_017301755.1	Pneumocystis_wakefieldiae	0	0
GCA_017309325.2	Elsinoe_batatas	0	0
GCA_017310585.1	Histoplasma_capsulatum	1	1
GCA_017311285.1	Pneumocystis_oryctolagi	0	0
GCA_017357885.1	Monilinia_vaccinii-corymbosi	0	0
GCA_017365405.1	Cadophora_malorum	0	0
GCA_017366145.1	Cadophora_sp._M221	0	0
GCA_017499595.1	Psilocybe_cubensis	0	0
GCA_017607575.1	Termitomyces_sp._Mn162	0	0
GCA_017635955.1	Yarrowia_sp._B02	0	0
GCA_017639365.1	Yarrowia_sp._E02	0	0
GCA_017639385.1	Yarrowia_sp._C11	0	0
GCA_017655625.1	Candida_metapsilosis	1	1
GCA_017911135.1	Pneumocystis_canis	0	0
GCA_018127085.1	Pneumocystis_sp._'macacae'	0	0
GCA_018282005.1	Asterophora_parasitica	0	0
GCA_018282025.1	Sphagnurus_paluster	0	0
GCA_018296085.1	Termitomyces_sp._T112	0	0
GCA_018296165.1	Termitomyces_sp._T153	0	0
GCA_018296305.1	Fusarium_xylarioides	4	4
GCA_018360045.1	Claviceps_capensis	1	1
GCA_018360055.1	Claviceps_monticola	2	0
GCA_018360065.1	Claviceps_pazoutovae	1	1
GCA_018360075.1	Claviceps_cyperi	1	0
GCA_018360085.1	Claviceps_arundinis	1	1
GCA_018360135.1	Claviceps_sorghi	0	0
GCA_018360145.1	Claviceps_africana	1	0
GCA_018360185.1	Claviceps_lovelessii	0	0
GCA_018360205.1	Claviceps_digitariae	1	0
GCA_018360215.1	Claviceps_spartinae	1	0
GCA_018360225.1	Claviceps_pusilla	0	0
GCA_018360255.1	Claviceps_maximensis	1	0
GCA_018360275.1	Claviceps_sp._LM458_group_G5	0	0
GCA_018360325.1	Claviceps_aff._humidiphila_group_G2b	1	0
GCA_018360345.1	Claviceps_sp._LM84_group_G4	2	0
GCA_018360355.1	Claviceps_sp._Clav32_group_G5	1	1
GCA_018360365.1	Claviceps_citrina	1	0
GCA_018360375.1	Claviceps_sp._LM77_group_G4	2	0
GCA_018360385.1	Claviceps_sp._LM78_group_G4	2	0
GCA_018360435.1	Claviceps_sp._LM218_group_G6	1	1
GCA_018360445.1	Claviceps_sp._LM220_group_G6	1	0
GCA_018360465.1	Claviceps_humidiphila	1	0
GCA_018360525.1	Claviceps_sp._Clav50_group_G5	1	1
GCA_018360575.1	Claviceps_sp._LM454_group_G7	1	1
GCA_018360595.1	Claviceps_sp._LM219_group_G6	1	1
GCA_018360955.1	Claviceps_purpurea	1	1
GCA_018361025.1	Claviceps_aff._purpurea	1	1
GCA_018397855.1	Boletus_reticuloceps	0	0
GCA_018854895.1	Tricholoma_furcatifolium	0	0
GCA_018855395.1	Arthromyces_matolae	0	0
GCA_018855915.1	Tephrocybe_sp._NHM501043	0	0
GCA_018856295.1	Blastosporella_zonata	0	0
GCA_018857265.1	Termitomyces_sp._T32_za158	0	0
GCA_018857285.1	Termitomyces_sp._Mi166#008	0	0
GCA_018857305.1	Termitomyces_sp._T159_Od127	0	0
GCA_018858115.1	Tephrocybe_rancida	0	0
GCA_018902385.1	Physcia_stellaris	1	1
GCA_018994065.1	Verticillium_longisporum	5	5
GCA_019049425.1	Scheffersomyces_spartinae	1	1
GCA_019096155.1	Staphylotrichum_longicolle	2	1
GCA_019201745.1	Filobasidium_floriforme	0	0
GCA_019202705.1	Candida_subhashii	1	1
GCA_019321695.1	Diaporthe_batatas	1	1
GCA_019332025.1	Candida_haemuloni	1	1
GCA_019359905.1	Candida_africana	0	0
GCA_019364595.1	Butyriboletus_roseoflavus	0	0
GCA_019425555.1	Fusarium_venenatum	4	4
GCA_019434415.1	Metarhizium_acridum	4	4
GCA_019454015.1	Bipolaris_maydis	6	6
GCA_019456465.1	Bacidia_gigantensis	1	1
GCA_019565615.1	Trichoderma_simmonsii	3	3
GCA_019616325.1	Ceratobasidium_sp._394	0	0
GCA_019616345.1	Ceratobasidium_sp._395	0	0
GCA_019616915.1	Ceratobasidium_sp._423	0	0
GCA_019616945.1	Ceratobasidium_sp._414	0	0
GCA_019616975.1	Serendipita_sp._396	0	0
GCA_019623665.1	Serendipita_sp._397	0	0
GCA_019623675.1	Serendipita_sp._398	0	0
GCA_019623705.1	Ceratobasidium_sp._428	0	0
GCA_019627685.1	Serendipita_sp._399	0	0
GCA_019627725.1	Serendipita_sp._401	0	0
GCA_019627735.1	Serendipita_sp._400	0	0
GCA_019627745.1	Serendipita_sp._405	0	0
GCA_019627755.1	Serendipita_sp._411	0	0
GCA_019632265.1	Tulasnella_sp._331	0	0
GCA_019632275.1	Tulasnella_sp._330	0	0
GCA_019632285.1	Tulasnella_sp._332	0	0
GCA_019632295.1	Tulasnella_sp._418	2	2
GCA_019632305.1	Tulasnella_sp._403	0	0
GCA_019633405.1	Tulasnella_sp._408	0	0
GCA_019633425.1	Tulasnella_sp._424	0	0
GCA_019633455.1	Tulasnella_sp._419	2	2
GCA_019633465.1	Tulasnella_sp._417	0	0
GCA_019633485.1	Tulasnella_sp._425	0	0
GCA_019633495.1	Tulasnella_sp._427	0	0
GCA_019633555.1	Tulasnella_sp._JGI-2019a	0	0
GCA_019633565.1	Serendipita_sp._407	0	0
GCA_019633595.1	Tulasnella_sp._UAMH_9824	0	0
GCA_019669825.1	Calycina_marina	1	1
GCA_019669835.1	Amylocarpus_encephaloides	2	2
GCA_019669845.1	Emericellopsis_atlantica	1	0
GCA_019671135.1	Linnemannia_hyalina	0	0
GCA_019677325.2	Pleurotus_cornucopiae	0	0
GCA_019677335.1	Ceratobasidium_sp._UAMH_11750	0	0
GCA_019677355.1	Ceratobasidium_sp._370	0	0
GCA_019677385.1	Ceratobasidium_sp._392	0	0
GCA_019702505.1	Alternaria_panax	6	4
GCA_019787685.1	Chiua_virens	0	0
GCA_019804575.1	Pseudotulostoma_volvatum	0	0
GCA_019915245.1	Fusarium_musae	3	3
GCA_019924955.1	Aureobasidium_sp._EXF-3399	1	1
GCA_019973155.1	Phanerochaete_sordida	0	0
GCA_020002365.1	Trichoderma_gracile	1	1
GCA_020045945.2	Trichoderma_semiorbis	2	2
GCA_020080175.1	Glutinoglossum_americanum	1	1
GCA_020080795.1	Trichoglossum_hirsutum	0	0
GCA_020091625.1	Termitomyces_sp._'cryptogamus'	0	0
GCA_020102295.1	Metarhizium_humberi	5	3
GCA_020137385.1	Morchella_sextelata	2	1
GCA_020310465.1	Lanmaoa_asiatica	0	0
GCA_020310725.1	Fonsecaea_pedrosoi	1	1
GCA_020450195.1	Candida_glabrata	1	1
GCA_020502595.1	Aspergillus_fumigatus	4	4
GCA_020536065.1	Ogataea_philodendri	0	0
GCA_020536115.1	Ogataea_thermophila	0	0
GCA_020536175.1	Wickerhamomyces_mucosus	1	1
GCA_020536225.1	Wickerhamomyces_pijperi	0	0
GCA_020557385.1	Parastagonospora_nodorum	4	4
GCA_020617735.1	Batrachochytrium_salamandrivorans	0	0
GCA_020623625.1	Saccharomycodes_ludwigii	1	0
GCA_020631695.1	Trichoderma_cornu-damae	2	0
GCA_020726445.1	Chaetomium_sp._MPI-SDFR-AT-0129	1	0
GCA_020726485.1	Halenospora_varia	5	4
GCA_020726505.1	Leptodontidium_sp._MPI-SDFR-AT-0119	1	1
GCA_020726525.1	Truncatella_angustata	1	1
GCA_020726555.1	Boeremia_exigua	6	6
GCA_020726575.1	Plectosphaerella_plurivora	1	1
GCA_020736505.1	Alternaria_rosae	1	1
GCA_020736525.1	Chaetomium_sp._MPI-CAGE-AT-0009	1	1
GCA_020736535.1	Alternaria_alternata	4	4
GCA_020736565.1	LOOKUP	0	0
GCA_020736575.1	Thelonectria_olida	3	3
GCA_020740775.1	Ilyonectria_destructans	5	5
GCA_020744115.1	Fusarium_tricinctum	4	4
GCA_020744155.1	Ilyonectria_sp._MPI-CAGE-AT-0026	4	4
GCA_020744175.1	Auriculariales_sp._MPI-PUGE-AT-0066	1	1
GCA_020744185.1	Linnemannia_elongata	0	0
GCA_020744225.1	Paraphoma_chrysanthemicola	2	2
GCA_020744255.1	Microdochium_trichocladiopsis	1	1
GCA_020744275.1	Macrophomina_phaseolina	7	5
GCA_020744335.1	Fusarium_sp._MPI-SDFR-AT-0072	3	3
GCA_020744375.1	Dactylonectria_estremocensis	4	4
GCA_020744415.1	Dendryphion_nanum	3	3
GCA_020744425.1	Dactylonectria_macrodidyma	10	10
GCA_020744475.1	Fusarium_redolens	2	2
GCA_020744495.1	Fusarium_solani	1	1
GCA_020746835.1	Stachybotrys_elegans	3	2
GCA_020746845.1	Rhizoctonia_solani	0	0
GCA_020746875.1	Rhexocercosporidium_sp._MPI-PUGE-AT-0058	2	2
GCA_020746995.1	Plectosphaerella_cucumerina	2	2
GCA_020747015.1	Pyrenochaeta_sp._MPI-SDFR-AT-0127	7	7
GCA_020747045.1	Phaeosphaeria_sp._MPI-PUGE-AT-0046c	4	4
GCA_020747065.1	Leotiomycetes_sp._MPI-SDFR-AT-0126	0	0
GCA_020800285.1	Sordaria_sp._MPI-SDFR-AT-0083	0	0
GCA_020884735.1	Clathrus_columnatus	0	0
GCA_020891255.1	Entomortierella_parvispora	0	0
GCA_021015755.1	Lentinula_edodes	0	0
GCA_900000165.1	Ceraceosorus_bombacis	0	0
GCA_900002365.1	Sporisorium_scitamineum	0	0
GCA_900044065.1	Fusarium_mangiferae	3	3
GCA_900073065.1	Phialocephala_subalpina	0	0
GCA_900074715.1	Lachancea_meyersii	0	0
GCA_900074725.1	Lachancea_dasiensis	0	0
GCA_900074735.1	Lachancea_sp._PJ-2012a	0	0
GCA_900074745.1	Lachancea_mirantina	0	0
GCA_900074765.1	Lachancea_fermentati	0	0
GCA_900074885.1	Rhynchosporium_commune	0	0
GCA_900074895.1	Rhynchosporium_secalis	0	0
GCA_900074905.1	Rhynchosporium_agropyri	0	0
GCA_900074925.1	Ramularia_collo-cygni	0	0
GCA_900079185.1	Absidia_glauca	0	0
GCA_900096595.1	Microbotryum_intermedium	0	0
GCA_900102585.1	Microbotryum_saponariae	0	0
GCA_900106115.1	Candida_intermedia	1	1
GCA_900119595.1	Hanseniaspora_guilliermondii	0	0
GCA_900120095.1	Microbotryum_silenes-dioicae	0	0
GCA_900149145.1	Malassezia_sympodialis	0	0
GCA_900157425.1	Armillaria_ostoyae	0	0
GCA_900162805.1	Zygosaccharomyces_bailii	0	0
GCA_900169345.1	Lasallia_pustulata	1	1
GCA_900180425.1	Kazachstania_saulgeensis	0	0
GCA_900237765.1	Blumeria_hordei	1	1
GCA_900242695.1	Ustilago_sp._UG-2017b	0	0
GCA_900242705.1	Ustilago_sp._UG-2017a	0	0
GCA_900290415.1	Podospora_comata	0	0
GCA_900322835.1	Moesziomyces_antarcticus	0	0
GCA_900322975.1	Pseudozyma_flocculosa	0	0
GCA_900323505.1	Ustilago_trichophora	0	0
GCA_900519145.1	Ustilago_hordei	0	0
GCA_900519155.1	Ustilago_bromivora	0	0
GCA_900536885.1	Peniophora_sp._CBMAI_1063	0	0
GCA_900537225.1	Yarrowia_lipolytica	0	0
GCA_900660285.1	Brettanomyces_naardenensis	0	0
GCA_902006505.2	Clonostachys_byssicola	4	3
GCA_902077795.2	Clonostachys_rhizophaga	4	3
GCA_902085965.1	Clonostachys_rosea	4	2
GCA_902141235.2	Clonostachys_solani	4	3
GCA_902498895.1	Saprochaete_ingens	2	0
GCA_902728275.1	Agrocybe_aegerita	0	0
GCA_903819635.1	Aureobasidium_vineae	0	0
GCA_903819665.1	Aureobasidium_mustum	0	0
GCA_903853725.1	Aureobasidium_uvarum	0	0
GCA_905066765.1	Sclerotinia_trifoliorum	0	0
GCA_905332025.1	Fusarium_graminearum	3	3
GCA_907166805.1	Alternaria_atra	3	3
GCA_910393935.1	Fusarium_equiseti	3	3
GCA_910591765.1	Ambispora_leptoticha	0	0
GCA_910591775.1	Dentiscutata_heterogama	0	0
GCA_910591835.1	Acaulospora_morrowiae	0	0
GCA_910591925.1	Cetraspora_pellucida	0	0
GCA_910591945.1	Ambispora_gerdemannii	0	0
GCA_910591965.1	Dentiscutata_erythropus	1	1
GCA_910592005.1	Funneliformis_mosseae	0	0
GCA_910592015.1	Diversispora_eburnea	0	0
GCA_910592055.1	Acaulospora_colombiana	0	0
GCA_910592135.1	Racocetra_fulgida	0	0
GCA_910592255.1	Claroideoglomus_candidum	0	0
GCA_910592325.1	Scutellospora_calospora	1	1
GCA_910592345.1	Paraglomus_brasilianum	0	0
GCA_911649665.1	Hymenoscyphus_fraxineus	3	3
GCA_911693285.1	Hymenoscyphus_albidus	2	2
GCF_000002515.2	Kluyveromyces_lactis	1	1
GCF_000002715.2	Aspergillus_clavatus	4	3
GCF_000003125.1	Talaromyces_stipitatus	3	3
GCF_000003515.1	Uncinocarpus_reesii	3	3
GCF_000026365.1	Zygosaccharomyces_rouxii	2	2
GCF_000142805.1	Lachancea_thermotolerans	1	1
GCF_000149425.1	Meyerozyma_guilliermondii	0	0
GCF_000149615.1	Aspergillus_terreus	0	0
GCF_000149685.1	Lodderomyces_elongisporus	1	0
GCF_000149845.2	Schizosaccharomyces_japonicus	0	0
GCF_000149925.1	Puccinia_graminis	0	0
GCF_000150035.1	Vanderwaltozyma_polyspora	1	1
GCF_000150505.1	Schizosaccharomyces_octosporus	0	0
GCF_000150705.2	Paracoccidioides_lutzii	1	0
GCF_000150735.1	Paracoccidioides_brasiliensis	1	0
GCF_000150825.1	Verticillium_alfalfae	2	2
GCF_000150975.2	Nannizzia_gypsea	3	2
GCF_000151355.1	Fusarium_vanettenii	1	1
GCF_000166005.1	Pyrenophora_teres	1	1
GCF_000170995.1	Trichoderma_virens	3	2
GCF_000182565.1	Spizellomyces_punctatus	1	1
GCF_000209165.1	Scheffersomyces_stipitis	1	1
GCF_000219625.1	Zymoseptoria_tritici	1	1
GCF_000223465.1	Yamadazyma_tenuis	1	1
GCF_000223485.1	Spathaspora_passalidarum	1	1
GCF_000226095.1	Thermothelomyces_thermophilus	1	1
GCF_000226545.1	Podospora_anserina	2	2
GCF_000227115.2	Naumovozyma_dairenensis	1	1
GCF_000235365.1	Eremothecium_cymbalariae	1	1
GCF_000236905.1	Tetrapisispora_phaffii	1	1
GCF_000243375.1	Torulaspora_delbrueckii	1	1
GCF_000260195.1	Fusarium_odoratissimum	3	3
GCF_000265015.1	Auricularia_subglabra	2	2
GCF_000281105.1	Coniosporium_apollinis	1	1
GCF_000298775.1	Drepanopeziza_brunnea	1	1
GCF_000304475.1	Kazachstania_africana	1	1
GCF_000313485.1	Wickerhamomyces_ciferrii	1	1
GCF_000315875.1	Candida_orthopsilosis	1	1
GCF_000315915.1	Tetrapisispora_blattae	1	1
GCF_000320565.1	Sphaerulina_musiva	1	1
GCF_000338955.1	Baudoinia_panamericana	1	1
GCF_000338995.1	Bipolaris_sorokiniana	5	4
GCF_000340215.1	Pseudocercospora_fijiensis	2	2
GCF_000348985.1	Kazachstania_naganishii	1	1
GCF_000349385.1	Eutypa_lata	2	2
GCF_000359705.1	Exserohilum_turcicum	4	4
GCF_000365145.1	Cyphellophora_europaea	1	1
GCF_000365165.1	Cladophialophora_carrionii	1	1
GCF_000385595.1	Neofusicoccum_parvum	4	3
GCF_000409485.1	Glarea_lozoyensis	2	2
GCF_000464535.1	Endocarpon_pusillum	2	2
GCF_000512585.1	Kwoniella_bestiolae	0	0
GCF_000516985.1	Pestalotiopsis_fici	3	2
GCF_000523435.1	Bipolaris_zeicola	6	6
GCF_000523455.1	Bipolaris_oryzae	5	3
GCF_000527765.1	Bipolaris_victoriae	6	6
GCF_000582985.1	Colletotrichum_fioriniae	3	1
GCF_000585535.1	Cladophialophora_psammophila	2	2
GCF_000585565.1	Capronia_epimyces	1	1
GCF_000600275.1	Aspergillus_ruber	1	1
GCF_000804445.1	Metarhizium_album	3	3
GCF_000814945.1	Metarhizium_majus	4	2
GCF_000820605.1	Sporothrix_brasiliensis	0	0
GCF_000835495.1	Cladophialophora_immunda	0	0
GCF_000835505.1	Exophiala_xenobiotica	0	0
GCF_000835555.1	Rhinocladiella_mackenziei	0	0
GCF_000836115.1	Exophiala_spinifera	0	0
GCF_000836295.1	Verruconis_gallopava	0	0
GCF_000938715.1	Lachancea_lanzarotensis	1	1
GCF_000968595.1	Rasamsonia_emersonii	0	0
GCF_001027345.1	Cutaneotrichosporon_oleaginosum	0	0
GCF_001078395.1	Aspergillus_udagawae	3	3
GCF_001278385.1	Malassezia_pachydermatis	0	0
GCF_001298625.1	Saccharomyces_eubayanus	0	0
GCF_001329695.1	Rhodotorula_graminis	0	0
GCF_001447935.2	Debaryomyces_fabryi	0	0
GCF_001477545.1	Pneumocystis_carinii	0	0
GCF_001500285.1	Mollisia_scopiformis	1	1
GCF_001625195.1	Drechmeria_coniospora	2	1
GCF_001632365.1	Laetiporus_sulphureus	0	0
GCF_001638985.1	Phycomyces_blakesleeanus	1	1
GCF_001646965.1	Fonsecaea_nubica	1	1
GCF_001651985.1	Fonsecaea_erecta	0	0
GCF_001653235.2	Pochonia_chlamydosporia	3	3
GCF_001661255.1	Wickerhamomyces_anomalus	1	1
GCF_001661335.1	Babjeviella_inositovora	0	0
GCF_001661345.1	Ascoidea_rubescens	0	0
GCF_001661395.1	Hyphopichia_burtonii	1	1
GCF_001661415.1	Suhomyces_tanzawaensis	1	1
GCF_001662655.1	Pseudogymnoascus_verrucosus	0	0
GCF_001664035.1	Metschnikowia_bicuspidata	1	1
GCF_001664045.1	Ogataea_polymorpha	0	0
GCF_001672515.1	Colletotrichum_higginsianum	5	3
GCF_001720155.1	Cryptococcus_wingfieldii	0	0
GCF_001720205.1	Cryptococcus_amylolentus	0	0
GCF_001792695.1	Aspergillus_bombycis	2	2
GCF_001831195.1	Colletotrichum_orchidophilum	3	2
GCF_001890105.1	Penicilliopsis_zonata	2	1
GCF_001890125.1	Aspergillus_versicolor	1	1
GCF_001890705.1	Aspergillus_sydowii	1	1
GCF_001890725.1	Aspergillus_wentii	2	2
GCF_001890805.1	Aspergillus_glaucus	2	2
GCF_001890905.1	Aspergillus_aculeatus	1	1
GCF_001896365.1	Talaromyces_amestolkiae	5	4
GCF_002102565.1	Kockovaella_imperatae	0	0
GCF_002104995.1	Linderina_pennispora	0	0
GCF_002105105.1	Protomyces_lactucae-debilis	0	0
GCF_002105155.1	Lobosporangium_transversale	0	0
GCF_002117355.1	Postia_placenta	0	0
GCF_002708625.1	Rhizopus_microsporus	0	0
GCF_002742065.1	Cercospora_beticola	1	1
GCF_002847045.1	Aspergillus_candidus	1	1
GCF_002847465.1	Aspergillus_novofumigatus	1	1
GCF_002847485.1	Aspergillus_campestris	1	1
GCF_002849105.1	Aspergillus_steynii	1	1
GCF_002865645.1	Hyaloscypha_bicolor	2	1
GCF_002926085.2	Candida_duobushaemulonis	1	1
GCF_003013735.1	Candida_pseudohaemulonii	1	1
GCF_003025115.1	Trichoderma_citrinoviride	1	1
GCF_003144115.1	Tilletiopsis_washingtonensis	0	0
GCF_003184535.1	Aspergillus_eucalypticola	1	1
GCF_003184545.1	Aspergillus_heteromorphus	1	1
GCF_003184585.1	Aspergillus_saccharolyticus	2	1
GCF_003184625.1	Aspergillus_neoniger	1	0
GCF_003184755.1	Aspergillus_piperis	1	0
GCF_003184785.1	Aspergillus_japonicus	2	1
GCF_003184835.1	Aspergillus_costaricensis	1	0
GCF_003184845.1	Aspergillus_ibericus	2	1
GCF_003184865.1	Aspergillus_homomorphus	1	0
GCF_003184925.1	Aspergillus_vadensis	1	0
GCF_003327735.1	Candida_viswanathii	2	0
GCF_003344945.1	Aspergillus_welwitschiae	1	1
GCF_003357145.1	Venustampulla_echinocandica	1	1
GCF_003369625.1	Aspergillus_mulundensis	1	1
GCF_003426965.1	Aspergillus_tanneri	4	4
GCF_004355905.1	Pyricularia_grisea	1	1
GCF_005498985.1	Sporisorium_graminicola	1	0
GCF_006535985.1	Synchytrium_microbalum	0	0
GCF_007821495.1	Lachnellula_hyalina	0	0
GCF_008629635.1	Kwoniella_shandongensis	0	0
GCF_008704595.1	Diutina_rugosa	1	1
GCF_010015585.1	Eremomyces_bilateralis	0	0
GCF_010093505.1	Neohortaea_acidophila	0	0
GCF_011074865.1	Brettanomyces_nanus	0	0
GCF_012550715.1	Geosmithia_morbida	0	0
GCF_013390185.1	Colletotrichum_aenigma	6	5
GCF_014066305.1	Letharia_columbiana	0	0
GCF_014066315.1	Letharia_lupina	0	0
GCF_014461135.1	Mycena_indigotica	0	0
GCF_016628075.1	Suillus_paluster	0	0
GCF_016647625.1	Suillus_subalutaceus	0	0
GCF_016647635.1	Suillus_subaureus	0	0
GCF_016647745.1	Suillus_plorans	0	0
GCF_016647785.1	Suillus_fuscotomentosus	0	0
GCF_016758755.1	Suillus_discolor	0	0
GCF_016758775.1	Suillus_clintonianus	0	0
GCF_016758785.1	Suillus_bovinus	0	0
GCF_016861625.1	Aspergillus_luchuensis	1	1
GCF_016861735.1	Aspergillus_chevalieri	1	1
GCF_016861865.1	Aspergillus_puulaauensis	1	1
GCF_018340605.1	Aspergillus_pseudoviridinutans	1	1
GCF_018404265.1	Aspergillus_viridinutans	1	1
GCF_018924745.1	Marasmius_oreades	0	0
GCF_019112545.1	Guyanagaster_necrorhizus	0	0
GCF_019207285.1	Ogataea_haglerorum	0	0
GCF_019207475.1	Ogataea_angusta	0	0
GCF_019650295.1	Cercospora_kikuchii	0	0
GCF_020360975.1	Hirsutella_rhossiliensis	2	2
GCF_900067095.1	Fusarium_proliferatum	4	4
GCF_903064755.1	Kazachstania_barnettii	1	1
